step,episode,episode_reward,episode_shaped_reward,episode_length,epsilon,fps,avg_loss,avg_q
3872,10,30.0,-1.7,258.4,0.0,212.9,0.0,0.0
6408,20,80.0,-1.7,284.5,0.0,262.1,0.0,0.0
9640,30,80.0,-1.7,294.0,0.0,300.9,0.0,0.0
11896,40,60.0,-1.72,254.1,0.0,316.4,0.0,0.0
14256,50,90.0,-1.6900000000000002,298.4,0.0,326.6,0.0,0.0
18552,60,150.0,-1.6300000000000001,331.4,0.0,338.8,0.0,0.0
21368,70,110.0,-1.6199999999999999,280.3,0.0,349.8,0.0,0.0
23944,80,240.0,-1.49,318.1,0.0,354.5,0.0,0.0
27008,90,110.0,-1.67,278.0,0.0,361.5,0.0,0.0
29648,100,80.0,-1.7,273.7,0.0,367.5,0.0,0.0
32144,110,130.0,-1.65,270.2,0.0,370.0,0.0,0.0
35960,120,160.0,-1.5699999999999998,295.8,0.0,374.7,0.0,0.0
39040,130,170.0,-1.56,324.1,0.0,378.1,0.0,0.0
41728,140,280.0,-1.2999999999999998,328.0,0.0,381.9,0.0,0.0
45312,150,120.0,-1.4600000000000002,298.4,0.0,384.0,0.0,0.0
48432,160,210.0,-1.1199999999999999,335.6,0.0,386.0,0.0,0.0
51384,170,290.0,-0.9400000000000001,329.6,0.0,387.9,0.0,0.0
54744,180,200.0,-0.9799999999999999,320.5,0.0,390.5,0.0,0.0
58048,190,370.0,-0.7600000000000001,314.3,0.0,392.6,0.0,0.0
61608,200,280.0,-0.9,329.1,0.0,393.4,0.0,0.0
64432,210,280.0,-0.55,328.3,0.0,395.9,0.0,0.0
67608,220,150.0,-0.6800000000000002,311.0,0.0,395.8,0.0,0.0
71160,230,300.0,-0.27999999999999997,321.8,0.0,398.0,0.0,0.0
74632,240,270.0,-0.41,325.7,0.0,399.7,0.0,0.0
77592,250,380.0,-0.3,320.1,0.0,400.2,0.0,0.0
80544,260,380.0,-2.2204460492503132e-17,321.7,0.0,401.0,0.0,0.0
83504,270,170.0,-0.16,314.4,0.0,401.6,0.0,0.0
87352,280,300.0,-0.12999999999999998,331.0,0.0,402.5,0.0,0.0
90688,290,340.0,-0.23999999999999994,319.5,0.0,403.5,0.0,0.0
93304,300,210.0,-0.22000000000000003,328.4,0.0,403.4,0.0,0.0
96080,310,170.0,-0.11000000000000001,281.9,0.0,404.6,0.0,0.0
99440,320,130.0,-0.15,288.9,0.0,404.5,0.0,0.0
102368,330,190.0,0.51,319.0,0.0,344.5,0.0,0.0
105528,340,190.0,0.51,314.3,0.0,345.7,0.0,0.0
108096,350,140.0,0.06,266.3,0.0,347.2,0.0,0.0
111960,360,170.0,0.33999999999999997,326.6,0.0,349.0,0.0,0.0
114464,370,200.0,0.32,315.2,0.0,350.5,0.0,0.0
117680,380,170.0,0.33999999999999997,300.8,0.0,352.2,0.0,0.0
120576,390,140.0,0.31000000000000005,316.2,0.0,353.4,0.0,0.0
123720,400,240.0,0.36,304.9,0.0,354.7,0.0,0.0
127272,410,160.0,0.6799999999999999,329.2,0.0,355.7,0.0,0.0
129912,420,90.0,0.76,313.1,0.0,356.9,0.0,0.0
134024,430,170.0,0.33999999999999997,292.4,0.0,358.3,0.0,0.0
136848,440,180.0,0.9,359.4,0.0,359.2,0.0,0.0
139760,450,160.0,0.8800000000000001,327.3,0.0,360.1,0.0,0.0
143592,460,290.0,1.4600000000000002,363.3,0.0,361.3,0.0,0.0
146936,470,160.0,0.93,331.8,0.0,362.6,0.0,0.0
150520,480,340.0,0.96,319.5,0.0,364.0,0.0,0.0
153512,490,100.0,0.67,329.9,0.0,364.7,0.0,0.0
156960,500,280.0,0.9,318.5,0.0,365.3,0.0,0.0
160320,510,270.0,1.1900000000000002,365.1,0.0,366.5,0.0,0.0
163280,520,90.0,0.51,283.9,0.0,366.9,0.0,0.0
166800,530,160.0,1.58,354.9,0.0,368.2,0.0,0.0
170064,540,150.0,1.27,314.8,0.0,368.5,0.0,0.0
173136,550,90.0,1.6600000000000001,323.0,0.0,369.1,0.0,0.0
176712,560,200.0,2.07,365.9,0.0,370.1,0.0,0.0
180120,570,170.0,1.5399999999999998,330.5,0.0,370.6,0.0,0.0
182992,580,290.0,1.7599999999999998,321.7,0.0,370.8,0.0,0.0
186304,590,80.0,1.5,321.9,0.0,371.6,0.0,0.0
190432,600,120.0,1.8399999999999999,338.0,0.0,372.5,0.0,0.0
193304,610,150.0,2.0199999999999996,337.0,0.0,373.1,0.0,0.0
196920,620,120.0,2.2399999999999998,347.8,0.0,373.6,0.0,0.0
200568,630,160.0,2.53,369.8,0.0,346.2,0.0,0.0
204592,640,130.0,2.2,338.8,0.0,347.4,0.0,0.0
207744,650,180.0,3.2,381.2,0.0,348.3,0.0,0.0
211304,660,130.0,3.37,400.0,0.0,348.9,0.0,0.0
214800,670,190.0,2.9,378.7,0.0,350.1,0.0,0.0
219616,680,250.0,2.2199999999999998,357.1,0.0,351.1,0.0,0.0
223128,690,260.0,3.3899999999999997,386.6,0.0,352.2,0.0,0.0
226488,700,280.0,2.5,362.2,0.0,352.8,0.0,0.0
229944,710,300.0,2.47,349.5,0.0,353.9,0.0,0.0
234648,720,210.0,3.0599999999999996,377.3,0.0,355.0,0.0,0.0
238040,730,150.0,2.6700000000000004,357.8,0.0,355.8,0.0,0.0
240816,740,220.0,2.4300000000000006,343.9,0.0,356.3,0.0,0.0
244936,750,310.0,3.59,409.6,0.0,357.2,0.0,0.0
249216,760,540.0,2.88,394.9,0.0,358.2,0.0,0.0
253128,771,636.3636363636364,3.1381818181818177,403.27272727272725,0.0,359.1,0.0,0.0
257800,781,550.0,2.5,376.6,0.0,360.4,0.0,0.0
261776,791,670.0,3.85,432.5,0.0,361.2,0.0,0.0
265368,801,730.0,3.7700000000000005,395.0,0.0,361.9,0.0,0.0
269160,811,560.0,3.3600000000000003,402.4,0.0,362.9,0.0,0.0
274080,821,740.0,4.14,423.6,0.0,363.9,0.0,0.0
278928,831,1260.0,5.85,454.3,0.0,364.9,0.0,0.0
282376,841,890.0,4.29,392.3,0.0,365.7,0.0,0.0
286736,851,1140.0,5.130000000000001,413.9,0.0,366.3,0.0,0.0
290400,861,1050.0,5.09,409.9,0.0,366.9,0.0,0.0
294264,871,1010.0,5.31,390.9,0.0,367.3,0.0,0.0
298632,881,1140.0,6.4879999999999995,434.4,0.0,368.1,0.0,0.0
302656,891,1220.0,4.319999999999999,405.2,0.0,332.9,0.0,0.0
307056,901,1070.0,6.04,417.6,0.0,334.0,0.0,0.0
312064,911,1530.0,5.475999999999999,414.2,0.0,335.2,0.0,0.0
316520,921,1880.0,8.697999999999999,474.7,0.0,336.1,0.0,0.0
320920,931,1700.0,7.4700000000000015,467.1,0.0,337.2,0.0,0.0
325024,941,1780.0,7.337999999999999,435.8,0.0,338.1,0.0,0.0
329592,951,2200.0,9.389999999999999,476.4,0.0,339.2,0.0,0.0
333536,961,1000.0,5.61,400.4,0.0,340.1,0.0,0.0
338328,971,1490.0,7.292,400.1,0.0,341.0,0.0,0.0
342872,981,2790.0,13.447999999999999,535.0,0.0,342.0,0.0,0.0
348224,991,1530.0,7.083999999999999,406.6,0.0,343.0,0.0,0.0
353032,1001,3682.0,10.758,566.7,0.0,344.1,0.0,0.0
357264,1011,2220.0,10.456,479.1,0.0,345.0,0.0,0.0
361632,1021,1410.0,7.473999999999999,416.1,0.0,345.7,0.0,0.0
366432,1031,1520.0,6.3100000000000005,405.8,0.0,346.8,0.0,0.0
370872,1041,2110.0,9.388,484.9,0.0,347.4,0.0,0.0
375360,1051,1490.0,5.76,418.5,0.0,348.3,0.0,0.0
379592,1061,1730.0,6.992,466.3,0.0,349.1,0.0,0.0
383592,1071,1670.0,6.194,432.0,0.0,349.7,0.0,0.0
388840,1081,2230.0,6.43,446.1,0.0,350.6,0.0,0.0
393264,1091,1410.0,5.43,418.1,0.0,351.3,0.0,0.0
396872,1101,2630.0,10.325999999999999,487.4,0.0,351.9,0.0,0.0
401584,1111,1510.0,6.63,430.1,0.0,324.5,0.0,0.0
405840,1121,1730.0,5.590000000000001,397.6,0.0,325.4,0.0,0.0
410184,1131,1880.0,6.2299999999999995,407.8,0.0,326.3,0.0,0.0
414240,1141,1200.0,4.66,414.5,0.0,327.0,0.0,0.0
418048,1151,1810.0,6.779999999999999,462.6,0.0,327.6,0.0,0.0
422784,1161,1900.0,6.232000000000001,401.1,0.0,328.6,0.0,0.0
427080,1171,2320.0,7.169999999999999,428.1,0.0,329.2,0.0,0.0
430720,1181,2140.0,8.005999999999998,418.2,0.0,329.9,0.0,0.0
436128,1191,2320.0,8.01,439.4,0.0,330.9,0.0,0.0
440328,1201,2130.0,7.5600000000000005,419.8,0.0,331.5,0.0,0.0
445136,1211,2870.0,9.614,531.6,0.0,332.4,0.0,0.0
449616,1221,2080.0,7.252,426.5,0.0,333.0,0.0,0.0
453680,1231,2630.0,8.894,454.8,0.0,333.7,0.0,0.0
458704,1241,3540.0,12.054,454.2,0.0,334.6,0.0,0.0
462856,1251,2480.0,9.35,420.2,0.0,335.1,0.0,0.0
466384,1261,1980.0,7.5859999999999985,407.3,0.0,335.7,0.0,0.0
470960,1271,2460.0,9.016000000000002,445.7,0.0,336.5,0.0,0.0
475560,1281,2100.0,7.997999999999999,431.3,0.0,337.1,0.0,0.0
479320,1291,1770.0,6.24,412.7,0.0,337.6,0.0,0.0
483480,1301,1950.0,6.24,401.5,0.0,338.2,0.0,0.0
486960,1311,1360.0,5.79,387.3,0.0,338.8,0.0,0.0
491168,1321,2150.0,7.26,388.7,0.0,339.4,0.0,0.0
495752,1331,2040.0,7.9,414.0,0.0,339.9,0.0,0.0
500360,1341,2830.0,10.072,479.2,0.0,318.5,0.0,0.0
504704,1351,2410.0,8.595999999999998,429.8,0.0,319.2,0.0,0.0
508664,1361,3070.0,9.376,440.1,0.0,319.8,0.0,0.0
513536,1371,2930.0,8.764,452.1,0.0,320.5,0.0,0.0
517688,1381,2150.0,7.58,431.6,0.0,321.2,0.0,0.0
521864,1391,2410.0,7.894,415.5,0.0,321.8,0.0,0.0
526400,1401,2300.0,8.069999999999999,442.5,0.0,322.4,0.0,0.0
530832,1411,2050.0,6.36,418.2,0.0,323.2,0.0,0.0
534248,1421,2020.0,6.81,407.7,0.0,323.7,0.0,0.0
538992,1431,2360.0,8.844,417.0,0.0,324.4,0.0,0.0
542976,1441,2760.0,10.214,437.0,0.0,324.9,0.0,0.0
548160,1451,2620.0,9.576,431.8,0.0,325.7,0.0,0.0
552096,1461,2870.0,10.25,451.8,0.0,326.2,0.0,0.0
556664,1471,2120.0,8.114,413.8,0.0,326.9,0.0,0.0
560872,1481,3150.0,10.652,460.0,0.0,327.5,0.0,0.0
565184,1491,3350.0,11.535999999999998,500.1,0.0,328.2,0.0,0.0
571912,1501,3730.0,11.686000000000002,545.6,0.0,329.1,0.0,0.0
576856,1511,2850.0,9.027999999999999,496.0,0.0,329.7,0.0,0.0
581392,1521,3680.0,12.222,540.0,0.0,330.4,0.0,0.0
585632,1531,2280.0,7.45,426.8,0.0,331.0,0.0,0.0
590120,1541,2920.0,10.004000000000001,464.1,0.0,331.5,0.0,0.0
596832,1551,2900.0,11.214,528.6,0.0,332.4,0.0,0.0
601200,1561,3410.0,12.33,512.1,0.0,306.8,0.0,0.0
606096,1571,3310.0,11.404,481.1,0.0,307.6,0.0,0.0
611536,1581,3160.0,10.086,483.9,0.0,308.3,0.0,0.0
617304,1591,5080.0,15.294,643.0,0.0,309.2,0.0,0.0
621704,1601,2920.0,7.401999999999999,514.8,0.0,309.8,0.0,0.0
625872,1611,1020.0,1.44,356.1,0.0,310.4,0.0,0.0
630888,1621,2230.0,6.32,428.4,0.0,311.0,0.0,0.0
636856,1631,3160.0,8.942,522.9,0.0,311.9,0.0,0.0
643456,1641,5990.0,16.154,730.4,0.0,312.8,0.0,0.0
648976,1651,4420.0,14.236,566.3,0.0,313.6,0.0,0.0
655352,1661,4640.0,16.006000000000004,584.6,0.0,314.4,0.0,0.0
660168,1671,4350.0,14.845999999999998,580.0,0.0,315.0,0.0,0.0
666624,1681,4890.0,15.98,572.9,0.0,315.9,0.0,0.0
672960,1691,4630.0,13.41,592.2,0.0,316.6,0.0,0.0
678744,1701,4120.0,11.846,565.0,0.0,317.5,0.0,0.0
686632,1711,6580.0,18.626,804.4,0.0,318.4,0.0,0.0
692504,1721,3500.0,11.359999999999998,527.6,0.0,319.2,0.0,0.0
697112,1731,4400.0,12.363999999999999,566.0,0.0,319.7,0.0,0.0
702792,1741,4900.0,15.45,617.6,0.0,294.7,0.0,0.0
708392,1751,4180.0,13.882000000000001,540.6,0.0,295.4,0.0,0.0
714656,1761,4330.0,14.232000000000003,562.1,0.0,296.3,0.0,0.0
720904,1771,4100.0,12.16,600.7,0.0,297.0,0.0,0.0
726912,1781,5980.0,17.865999999999996,685.9,0.0,297.8,0.0,0.0
733656,1791,7140.0,20.732,756.3,0.0,298.6,0.0,0.0
739576,1801,4800.0,15.683999999999997,571.0,0.0,299.4,0.0,0.0
745432,1811,4620.0,14.091999999999999,573.3,0.0,300.1,0.0,0.0
750216,1821,2720.0,10.052000000000001,454.5,0.0,300.7,0.0,0.0
754552,1831,2280.0,8.014,439.0,0.0,301.2,0.0,0.0
759272,1841,3260.0,11.106,459.8,0.0,301.8,0.0,0.0
764872,1851,3850.0,12.623999999999999,510.1,0.0,302.5,0.0,0.0
770104,1861,5350.0,16.369999999999997,651.2,0.0,303.1,0.0,0.0
775112,1871,1570.0,6.859999999999999,409.2,0.0,303.7,0.0,0.0
779720,1881,3620.0,11.3,573.6,0.0,304.2,0.0,0.0
786952,1891,3850.0,13.969999999999999,564.5,0.0,305.1,0.0,0.0
791880,1901,3670.0,12.364,554.1,0.0,305.6,0.0,0.0
797272,1911,4440.0,15.086000000000002,593.9,0.0,306.3,0.0,0.0
804208,1921,4620.0,15.832000000000003,578.4,0.0,292.1,0.0,0.0
810776,1931,5410.0,18.018,697.8,0.0,292.9,0.0,0.0
815048,1941,3480.0,12.203999999999999,507.6,0.0,293.4,0.0,0.0
820280,1951,4160.0,14.694000000000003,503.8,0.0,294.0,0.0,0.0
824824,1961,3000.0,10.238,484.7,0.0,294.5,0.0,0.0
829888,1971,3510.0,11.89,512.5,0.0,295.1,0.0,0.0
834232,1981,2340.0,7.4719999999999995,439.4,0.0,295.6,0.0,0.0
838040,1991,2060.0,6.982000000000001,410.7,0.0,296.0,0.0,0.0
843888,2001,3410.0,11.518,440.3,0.0,296.6,0.0,0.0
847744,2011,2810.0,9.704,474.9,0.0,297.1,0.0,0.0
852144,2021,2170.0,7.0600000000000005,426.3,0.0,297.5,0.0,0.0
856296,2031,3020.0,9.886,468.8,0.0,298.0,0.0,0.0
861416,2041,4060.0,12.456,498.5,0.0,298.5,0.0,0.0
866504,2051,2250.0,8.607999999999999,468.6,0.0,299.1,0.0,0.0
871544,2061,2800.0,10.664,474.3,0.0,299.6,0.0,0.0
875712,2071,2270.0,6.709999999999999,428.6,0.0,300.0,0.0,0.0
879592,2081,3220.0,11.431999999999999,475.0,0.0,300.5,0.0,0.0
884544,2091,1800.0,6.04,432.2,0.0,301.0,0.0,0.0
888624,2101,1750.0,6.206,375.6,0.0,301.4,0.0,0.0
893320,2111,3260.0,11.073999999999998,469.3,0.0,301.9,0.0,0.0
897064,2121,2060.0,7.898000000000001,423.8,0.0,302.2,0.0,0.0
901920,2131,2550.0,9.331999999999999,446.6,0.0,289.0,0.0,0.0
906944,2141,3730.0,13.197999999999999,525.2,0.0,289.5,0.0,0.0
912928,2151,4120.0,13.225999999999999,538.1,0.0,290.1,0.0,0.0
918000,2161,4330.0,15.049999999999997,568.6,0.0,290.6,0.0,0.0
923312,2171,4060.0,15.325999999999999,569.5,0.0,291.2,0.0,0.0
928160,2181,3400.0,12.336,450.5,0.0,291.7,0.0,0.0
934928,2191,5300.0,18.892,638.4,0.0,292.4,0.0,0.0
942256,2201,3330.0,13.248000000000001,473.1,0.0,293.1,0.0,0.0
946680,2211,5830.0,17.678,704.3,0.0,293.6,0.0,0.0
952672,2221,4760.0,16.982,598.8,0.0,294.2,0.0,0.0
958736,2231,4050.0,12.706,526.4,0.0,294.8,0.0,0.0
964648,2241,4970.0,18.446,558.8,0.0,295.4,0.0,0.0
973040,2251,5420.0,17.032,805.9,0.0,296.2,0.0,0.0
977784,2261,5180.0,18.762,640.2,0.0,296.7,0.0,0.0
983824,2271,4440.0,15.572,552.2,0.0,297.3,0.0,0.0
990048,2281,4440.0,17.06,544.4,0.0,297.9,0.0,0.0
995672,2291,6730.0,20.426000000000002,751.6,0.0,298.4,0.0,0.0
1001976,2301,3030.0,11.582,475.5,0.0,289.7,0.0,0.0
1007280,2311,5000.0,16.806000000000004,627.8,0.0,290.3,0.0,0.0
1012920,2321,3530.0,11.434000000000001,499.9,0.0,290.8,0.0,0.0
1019752,2331,5550.0,18.601999999999997,677.7,0.0,291.4,0.0,0.0
1025480,2341,5100.0,15.613999999999999,608.2,0.0,291.9,0.0,0.0
1030792,2351,4120.0,13.274000000000001,533.8,0.0,292.5,0.0,0.0
1036000,2361,4400.0,15.338,524.9,0.0,292.9,0.0,0.0
1042448,2371,3870.0,13.028,543.3,0.0,293.5,0.0,0.0
1046496,2381,4740.0,16.358,578.6,0.0,293.9,0.0,0.0
1051440,2391,2470.0,9.354,433.1,0.0,294.3,0.0,0.0
1055632,2401,2680.0,9.690000000000001,445.5,0.0,294.7,0.0,0.0
1060520,2411,3050.0,10.708,480.8,0.0,295.1,0.0,0.0
1067576,2421,3460.0,12.297999999999998,556.3,0.0,295.8,0.0,0.0
1073360,2431,6670.0,19.118000000000002,688.4,0.0,296.3,0.0,0.0
1079400,2442,4963.636363636364,16.30545454545455,610.4545454545455,0.0,296.8,0.0,0.0
1084776,2452,4210.0,13.808000000000002,541.3,0.0,297.3,0.0,0.0
1090792,2462,4410.0,14.421999999999997,524.6,0.0,297.8,0.0,0.0
1095368,2472,3280.0,10.179999999999998,502.5,0.0,298.2,0.0,0.0
1099968,2482,2440.0,6.484,500.2,0.0,298.6,0.0,0.0
1106360,2492,3430.0,10.984,513.7,0.0,292.4,0.0,0.0
1111136,2502,4660.0,13.122,572.1,0.0,292.8,0.0,0.0
1117472,2512,3840.0,11.552000000000001,508.1,0.0,293.4,0.0,0.0
1122264,2522,5310.0,16.706,632.1,0.0,293.8,0.0,0.0
1127640,2532,3990.0,13.959999999999999,529.3,0.0,294.2,0.0,0.0
1134464,2542,5020.0,16.244000000000003,542.0,0.0,294.8,0.0,0.0
1139360,2552,4680.0,16.990000000000002,545.5,0.0,295.2,0.0,0.0
1144456,2562,4760.0,16.080000000000002,546.7,0.0,295.7,0.0,0.0
1152672,2572,6020.0,19.663999999999998,689.1,0.0,296.4,0.0,0.0
1157632,2582,5200.0,18.706,612.4,0.0,296.8,0.0,0.0
1162216,2592,4510.0,14.701999999999998,530.9,0.0,297.2,0.0,0.0
1166760,2602,2910.0,9.606,439.3,0.0,297.5,0.0,0.0
1171904,2612,3530.0,11.344,511.8,0.0,297.9,0.0,0.0
1177848,2622,3940.0,12.524,528.8,0.0,298.4,0.0,0.0
1183528,2632,4400.0,14.410000000000002,576.2,0.0,298.9,0.0,0.0
1188040,2642,3730.0,12.056,498.6,0.0,299.2,0.0,0.0
1193144,2652,3190.0,9.34,488.7,0.0,299.6,0.0,0.0
1198952,2662,3460.0,12.283999999999999,513.1,0.0,300.1,0.0,0.0
1204808,2672,5460.0,18.985999999999997,618.4,0.0,289.2,0.0,0.0
1211936,2682,5380.0,18.985999999999997,663.0,0.0,289.8,0.0,0.0
1217048,2692,4490.0,16.22,535.0,0.0,290.2,0.0,0.0
1221864,2702,4790.0,16.07,578.2,0.0,290.6,0.0,0.0
1228656,2712,5730.0,18.328,619.4,0.0,291.1,0.0,0.0
1233208,2722,3710.0,11.794,506.6,0.0,291.5,0.0,0.0
1238040,2732,2350.0,7.841999999999999,428.3,0.0,291.9,0.0,0.0
1242152,2742,2120.0,7.144,421.1,0.0,292.2,0.0,0.0
1246360,2752,3300.0,10.142,493.9,0.0,292.5,0.0,0.0
1251032,2762,2860.0,9.474,471.3,0.0,292.9,0.0,0.0
1256192,2772,2480.0,8.282,434.1,0.0,293.3,0.0,0.0
1260624,2782,3380.0,11.922,488.7,0.0,293.6,0.0,0.0
1264816,2792,3760.0,13.180000000000001,503.0,0.0,293.9,0.0,0.0
1271328,2802,3250.0,11.654,456.9,0.0,294.4,0.0,0.0
1275920,2812,4360.0,12.947999999999999,535.0,0.0,294.7,0.0,0.0
1279928,2822,2820.0,8.536,448.4,0.0,295.1,0.0,0.0
1284272,2832,2610.0,7.632,436.2,0.0,295.4,0.0,0.0
1288480,2842,2000.0,5.816,385.7,0.0,295.7,0.0,0.0
1292720,2852,2540.0,7.55,478.6,0.0,296.0,0.0,0.0
1298432,2862,3360.0,9.208,473.8,0.0,296.4,0.0,0.0
1303296,2872,3090.0,8.129999999999999,483.8,0.0,290.8,0.0,0.0
1308328,2882,2510.0,5.59,481.9,0.0,291.1,0.0,0.0
1312888,2892,1740.0,4.37,428.5,0.0,291.4,0.0,0.0
1317848,2902,2830.0,7.644,563.9,0.0,291.8,0.0,0.0
1325480,2912,4140.0,12.215999999999998,673.9,0.0,292.4,0.0,0.0
1330800,2922,3610.0,10.884,547.2,0.0,292.7,0.0,0.0
1335392,2932,4030.0,12.035999999999998,574.7,0.0,293.0,0.0,0.0
1340752,2942,4420.0,13.670000000000002,514.5,0.0,293.4,0.0,0.0
1344904,2952,3000.0,10.312000000000001,491.4,0.0,293.7,0.0,0.0
1350416,2962,2590.0,8.66,448.1,0.0,294.1,0.0,0.0
1355624,2972,3680.0,11.458,552.1,0.0,294.5,0.0,0.0
1361144,2982,3490.0,10.842,490.3,0.0,294.9,0.0,0.0
1365952,2992,3860.0,11.0,512.7,0.0,295.2,0.0,0.0
1371984,3002,3060.0,8.782,477.6,0.0,295.6,0.0,0.0
1377784,3012,5160.0,15.912000000000003,624.9,0.0,296.0,0.0,0.0
1384208,3022,5630.0,18.208,634.6,0.0,296.5,0.0,0.0
1390648,3032,4900.0,15.545999999999998,595.9,0.0,296.9,0.0,0.0
1396112,3042,5320.0,16.708,602.6,0.0,297.2,0.0,0.0
1401560,3052,4900.0,15.758000000000001,602.2,0.0,286.9,0.0,0.0
1406312,3062,3790.0,13.024000000000001,503.0,0.0,287.2,0.0,0.0
1413088,3072,5890.0,16.552,675.7,0.0,287.7,0.0,0.0
1419784,3082,5710.0,17.198,660.3,0.0,288.2,0.0,0.0
1426296,3092,5360.0,17.006,602.5,0.0,288.6,0.0,0.0
1431168,3102,3700.0,14.368,544.1,0.0,289.0,0.0,0.0
1437952,3112,5250.0,17.086,621.2,0.0,289.4,0.0,0.0
1442680,3122,4470.0,15.437999999999999,587.9,0.0,289.7,0.0,0.0
1450672,3132,5240.0,16.576,585.7,0.0,290.3,0.0,0.0
1456728,3142,6630.0,18.926,704.6,0.0,290.7,0.0,0.0
1461440,3152,4680.0,15.430000000000001,561.9,0.0,291.0,0.0,0.0
1467136,3162,4260.0,13.335999999999999,522.8,0.0,291.3,0.0,0.0
1474168,3173,5563.636363636364,17.778181818181817,655.7272727272727,0.0,291.8,0.0,0.0
1478920,3183,3720.0,12.702,518.2,0.0,292.1,0.0,0.0
1484272,3193,3580.0,14.008,487.3,0.0,292.4,0.0,0.0
1492160,3203,6402.0,18.856,637.0,0.0,292.9,0.0,0.0
1496712,3213,5670.0,15.935999999999998,671.1,0.0,293.2,0.0,0.0
1504720,3223,5610.0,18.098000000000003,671.5,0.0,283.4,0.0,0.0
1510008,3233,5430.0,18.036,598.4,0.0,283.8,0.0,0.0
1516608,3243,5690.0,18.383999999999997,619.4,0.0,284.2,0.0,0.0
1522784,3253,5550.0,19.069999999999997,654.0,0.0,284.6,0.0,0.0
1528392,3263,5210.0,17.904,627.8,0.0,285.0,0.0,0.0
1534312,3273,4480.0,15.644,540.8,0.0,285.3,0.0,0.0
1540088,3284,5890.909090909091,16.267272727272726,576.2727272727273,0.0,285.7,0.0,0.0
1547192,3294,4850.0,15.276,615.4,0.0,286.2,0.0,0.0
1551752,3304,3580.0,11.488,507.0,0.0,286.5,0.0,0.0
1557536,3314,4820.0,15.464000000000002,567.9,0.0,286.8,0.0,0.0
1562896,3324,3420.0,10.668,506.2,0.0,287.2,0.0,0.0
1567416,3334,3440.0,10.854,528.6,0.0,287.5,0.0,0.0
1572864,3344,2600.0,7.073999999999998,467.0,0.0,287.8,0.0,0.0
1576840,3354,3740.0,11.64,521.4,0.0,288.0,0.0,0.0
1582376,3364,3650.0,11.105999999999998,553.8,0.0,288.4,0.0,0.0
1588040,3374,3620.0,10.794,510.6,0.0,288.7,0.0,0.0
1594840,3384,4320.0,13.468,576.6,0.0,289.1,0.0,0.0
1601992,3394,3560.0,11.516,518.4,0.0,280.9,0.0,0.0
1606528,3404,6270.0,18.753999999999998,670.8,0.0,281.2,0.0,0.0
1613848,3414,6586.0,17.398,632.9,0.0,281.6,0.0,0.0
1619576,3424,6320.0,16.573999999999998,688.7,0.0,282.0,0.0,0.0
1625520,3434,4950.0,15.304000000000002,605.3,0.0,282.3,0.0,0.0
1631416,3444,3720.0,11.438,519.9,0.0,282.7,0.0,0.0
1636992,3454,4892.0,14.264000000000001,611.0,0.0,283.0,0.0,0.0
1640896,3464,3590.0,9.581999999999999,505.1,0.0,283.2,0.0,0.0
1647272,3474,3750.0,13.969999999999999,527.8,0.0,283.6,0.0,0.0
1652944,3484,5634.0,14.84,596.7,0.0,284.0,0.0,0.0
1658400,3494,4490.0,15.097999999999999,525.7,0.0,284.3,0.0,0.0
1662984,3504,2790.0,8.402,471.1,0.0,284.5,0.0,0.0
1666784,3514,2270.0,7.8420000000000005,451.5,0.0,284.8,0.0,0.0
1670576,3524,1540.0,5.24,393.5,0.0,285.0,0.0,0.0
1675040,3534,1620.0,6.57,425.9,0.0,285.3,0.0,0.0
1679480,3544,1290.0,5.96,369.1,0.0,285.5,0.0,0.0
1683024,3554,2000.0,7.800000000000002,389.4,0.0,285.7,0.0,0.0
1687648,3564,3210.0,10.528000000000002,454.8,0.0,286.0,0.0,0.0
1692272,3574,4336.0,9.282,478.8,0.0,286.2,0.0,0.0
1696280,3584,2390.0,7.453999999999999,429.8,0.0,286.5,0.0,0.0
1701448,3594,2820.0,9.466,464.4,0.0,280.9,0.0,0.0
1706680,3604,2990.0,10.254,470.1,0.0,281.2,0.0,0.0
1712600,3614,6068.0,17.232000000000003,616.4,0.0,281.5,0.0,0.0
1717592,3624,5982.0,18.407999999999998,575.2,0.0,281.8,0.0,0.0
1721784,3634,2920.0,11.379999999999999,431.1,0.0,282.1,0.0,0.0
1728792,3644,6570.0,19.162,589.2,0.0,282.5,0.0,0.0
1732384,3654,3100.0,12.718,479.2,0.0,282.7,0.0,0.0
1737640,3664,2140.0,8.476,409.1,0.0,283.0,0.0,0.0
1744208,3674,6142.0,18.87,643.9,0.0,283.4,0.0,0.0
1749288,3684,5280.0,17.598,612.5,0.0,283.6,0.0,0.0
1755744,3694,3820.0,13.592000000000002,497.2,0.0,284.0,0.0,0.0
1761184,3704,5670.0,18.017999999999997,632.0,0.0,284.3,0.0,0.0
1768600,3714,8992.0,21.342,736.6,0.0,284.7,0.0,0.0
1774952,3724,7078.0,17.72,681.6,0.0,285.1,0.0,0.0
1781072,3734,4940.0,15.469999999999999,589.8,0.0,285.5,0.0,0.0
1787240,3744,5030.0,14.423999999999998,613.6,0.0,285.8,0.0,0.0
1794232,3754,6220.0,17.15,737.5,0.0,286.2,0.0,0.0
1799680,3764,3610.0,10.212,530.5,0.0,286.5,0.0,0.0
1807152,3774,5610.0,17.862000000000002,668.5,0.0,273.5,0.0,0.0
1814896,3784,6310.0,18.118000000000002,660.3,0.0,274.0,0.0,0.0
1821464,3794,6390.0,18.95,719.2,0.0,274.3,0.0,0.0
1826256,3804,5430.0,17.089999999999996,621.7,0.0,274.6,0.0,0.0
1830152,3814,2460.0,9.672,427.9,0.0,274.7,0.0,0.0
1835960,3824,5080.0,16.482000000000003,580.1,0.0,275.1,0.0,0.0
1843568,3834,5580.0,16.264,623.5,0.0,275.4,0.0,0.0
1849384,3844,4050.0,13.418000000000001,564.9,0.0,275.7,0.0,0.0
1853488,3854,3120.0,10.780000000000001,477.0,0.0,276.0,0.0,0.0
1857080,3864,2600.0,8.504,438.9,0.0,276.2,0.0,0.0
1861784,3874,2380.0,8.175999999999998,441.0,0.0,276.4,0.0,0.0
1866592,3884,3430.0,10.651999999999997,494.3,0.0,276.7,0.0,0.0
1871920,3894,2730.0,9.005999999999998,466.5,0.0,277.0,0.0,0.0
1876512,3904,4300.0,15.372,534.8,0.0,277.2,0.0,0.0
1882976,3914,3830.0,13.138,545.2,0.0,277.6,0.0,0.0
1887536,3924,4450.0,15.026,522.5,0.0,277.8,0.0,0.0
1893336,3934,3970.0,14.815999999999999,539.2,0.0,278.1,0.0,0.0
1898160,3944,4280.0,14.982,540.0,0.0,278.4,0.0,0.0
1904272,3954,3710.0,13.573999999999998,538.3,0.0,266.8,0.0,0.0
1910480,3964,5492.0,15.565999999999999,648.9,0.0,267.2,0.0,0.0
1914760,3974,1680.0,5.57,428.6,0.0,267.4,0.0,0.0
1918864,3984,1320.0,5.229999999999999,432.9,0.0,267.6,0.0,0.0
1923808,3994,3990.0,13.260000000000002,535.5,0.0,267.9,0.0,0.0
1930408,4004,10826.0,23.668,650.0,0.0,268.2,0.0,0.0
1938544,4014,7504.0,18.967999999999996,710.6,0.0,268.7,0.0,0.0
1943864,4024,4320.0,14.66,534.5,0.0,268.9,0.0,0.0
1951336,4034,5380.0,16.952,657.2,0.0,269.4,0.0,0.0
1957912,4044,5670.0,16.354,678.0,0.0,269.7,0.0,0.0
1964416,4054,5970.0,17.826,710.3,0.0,270.0,0.0,0.0
1969704,4064,3860.0,13.768,527.3,0.0,270.3,0.0,0.0
1975856,4074,5900.0,19.482000000000003,648.4,0.0,270.6,0.0,0.0
1980512,4084,4110.0,15.184000000000001,530.4,0.0,270.9,0.0,0.0
1987032,4094,6184.0,17.253999999999998,630.8,0.0,271.2,0.0,0.0
1993080,4104,4580.0,15.362,573.4,0.0,271.5,0.0,0.0
1998016,4114,4400.0,15.928,539.4,0.0,271.8,0.0,0.0
2003384,4124,3780.0,12.7,494.2,0.0,266.0,0.0,0.0
2007832,4134,3240.0,10.098,479.8,0.0,266.2,0.0,0.0
2012088,4144,3690.0,13.912,484.5,0.0,266.4,0.0,0.0
2016992,4154,2750.0,11.064000000000002,455.2,0.0,266.6,0.0,0.0
2023232,4164,3190.0,11.5,497.1,0.0,266.9,0.0,0.0
2027936,4174,4130.0,14.422,557.6,0.0,267.1,0.0,0.0
2035472,4184,5750.0,18.242,621.5,0.0,267.4,0.0,0.0
2041232,4194,5330.0,16.698,614.2,0.0,267.7,0.0,0.0
2046928,4204,6020.0,18.465999999999998,683.6,0.0,268.0,0.0,0.0
2054760,4214,6140.0,17.898,639.3,0.0,268.4,0.0,0.0
2061776,4224,5930.0,18.052,667.3,0.0,268.7,0.0,0.0
2067904,4234,5500.0,18.176000000000002,668.7,0.0,269.0,0.0,0.0
2074168,4244,6140.0,17.612,718.7,0.0,269.4,0.0,0.0
2082208,4254,5890.0,18.362000000000002,720.9,0.0,269.7,0.0,0.0
2088992,4264,6110.0,18.73,667.8,0.0,270.1,0.0,0.0
2094096,4274,5310.0,17.794,603.6,0.0,270.3,0.0,0.0
2101296,4284,5150.0,17.110000000000003,596.6,0.0,266.4,0.0,0.0
2107008,4294,5790.0,17.369999999999997,704.9,0.0,266.7,0.0,0.0
2112648,4304,4070.0,15.664000000000001,520.1,0.0,266.9,0.0,0.0
2118528,4314,5100.0,17.776000000000003,567.4,0.0,267.2,0.0,0.0
2122568,4324,3390.0,13.306000000000001,488.6,0.0,267.4,0.0,0.0
2128808,4334,4600.0,15.38,591.0,0.0,267.7,0.0,0.0
2133888,4344,4260.0,12.364,545.3,0.0,268.0,0.0,0.0
2138136,4354,2200.0,6.840000000000001,423.9,0.0,268.2,0.0,0.0
2142008,4364,2200.0,8.059999999999999,427.8,0.0,268.4,0.0,0.0
2146968,4374,2970.0,9.212,462.8,0.0,268.6,0.0,0.0
2151104,4384,2300.0,7.409999999999999,423.6,0.0,268.8,0.0,0.0
2155232,4394,2640.0,7.890000000000001,423.8,0.0,269.0,0.0,0.0
2159648,4404,2770.0,8.902,436.3,0.0,269.2,0.0,0.0
2163984,4414,2840.0,8.739999999999998,437.7,0.0,269.4,0.0,0.0
2168560,4424,2220.0,7.9799999999999995,421.7,0.0,269.6,0.0,0.0
2172440,4434,1600.0,6.04,395.6,0.0,269.8,0.0,0.0
2176512,4444,2220.0,6.94,432.1,0.0,269.9,0.0,0.0
2181216,4454,2940.0,9.819999999999999,450.4,0.0,270.2,0.0,0.0
2185024,4464,1800.0,6.5,424.0,0.0,270.3,0.0,0.0
2189360,4474,2060.0,7.419999999999999,437.6,0.0,270.5,0.0,0.0
2193976,4484,2170.0,7.419999999999999,425.4,0.0,270.7,0.0,0.0
2198560,4494,2530.0,8.642,433.8,0.0,270.9,0.0,0.0
2204400,4504,4940.0,15.9,582.2,0.0,259.3,0.0,0.0
2210848,4514,4710.0,14.735999999999999,579.3,0.0,259.5,0.0,0.0
2216376,4524,4450.0,15.095999999999998,506.9,0.0,259.8,0.0,0.0
2222128,4534,5860.0,18.119999999999997,627.7,0.0,260.1,0.0,0.0
2228056,4544,4400.0,14.395999999999997,570.7,0.0,260.3,0.0,0.0
2233032,4554,3880.0,14.65,550.0,0.0,260.6,0.0,0.0
2240376,4564,6500.0,19.41,709.1,0.0,260.9,0.0,0.0
2245280,4574,4120.0,14.000000000000004,547.7,0.0,261.1,0.0,0.0
2251400,4584,4510.0,15.157999999999998,555.4,0.0,261.4,0.0,0.0
2257688,4594,5720.0,18.334,652.3,0.0,261.7,0.0,0.0
2263320,4604,5420.0,15.681999999999999,597.6,0.0,261.9,0.0,0.0
2271232,4614,6180.0,18.756000000000004,634.0,0.0,262.3,0.0,0.0
2276600,4624,5950.0,18.334,648.1,0.0,262.5,0.0,0.0
2281600,4634,3630.0,12.943999999999999,495.2,0.0,262.8,0.0,0.0
2287000,4644,4600.0,16.822,541.6,0.0,263.0,0.0,0.0
2292824,4654,5420.0,18.220000000000002,577.9,0.0,263.3,0.0,0.0
2297576,4664,4810.0,15.953999999999999,556.2,0.0,263.5,0.0,0.0
2303672,4674,4700.0,16.321999999999996,558.8,0.0,259.0,0.0,0.0
2309440,4684,4690.0,15.963999999999999,569.8,0.0,259.2,0.0,0.0
2315208,4694,4360.0,16.318,541.5,0.0,259.5,0.0,0.0
2320944,4704,5440.0,17.192,653.3,0.0,259.7,0.0,0.0
2326872,4714,5030.0,17.862000000000002,569.0,0.0,260.0,0.0,0.0
2332760,4724,4950.0,16.613999999999997,572.3,0.0,260.2,0.0,0.0
2338024,4734,5340.0,18.800000000000004,552.5,0.0,260.5,0.0,0.0
2342896,4744,4080.0,14.479999999999999,498.0,0.0,260.7,0.0,0.0
2348472,4754,3190.0,10.605999999999998,476.7,0.0,260.9,0.0,0.0
2353528,4764,5030.0,15.268,578.1,0.0,261.1,0.0,0.0
2357456,4774,3500.0,10.094000000000001,455.6,0.0,261.3,0.0,0.0
2364576,4784,5490.0,17.224,609.0,0.0,261.6,0.0,0.0
2369432,4794,3230.0,10.398,459.3,0.0,261.8,0.0,0.0
2375056,4804,4620.0,13.898000000000001,537.6,0.0,262.0,0.0,0.0
2379632,4814,4280.0,12.564000000000002,557.7,0.0,262.2,0.0,0.0
2385784,4824,5170.0,15.268,593.1,0.0,262.5,0.0,0.0
2391440,4834,4150.0,14.413999999999998,536.1,0.0,262.8,0.0,0.0
2398176,4844,4250.0,12.294,542.5,0.0,263.1,0.0,0.0
2403440,4854,5940.0,16.999999999999996,645.4,0.0,260.0,0.0,0.0
2410728,4864,5310.0,15.856,619.7,0.0,260.4,0.0,0.0
2415800,4874,5050.0,16.236,632.7,0.0,260.6,0.0,0.0
2420376,4884,3260.0,11.581999999999999,483.3,0.0,260.8,0.0,0.0
2427976,4894,5230.0,16.708000000000002,607.7,0.0,261.1,0.0,0.0
2435112,4904,7580.0,21.288000000000004,767.2,0.0,261.4,0.0,0.0
2440504,4914,4980.0,17.404,561.2,0.0,261.6,0.0,0.0
2446584,4924,6160.0,19.642,648.0,0.0,261.9,0.0,0.0
2452952,4934,6180.0,19.008,660.8,0.0,262.2,0.0,0.0
2460000,4944,3810.0,14.424000000000001,515.4,0.0,262.5,0.0,0.0
2465272,4954,4440.0,12.66,707.6,0.0,262.7,0.0,0.0
2471016,4964,3970.0,13.569999999999999,537.4,0.0,262.9,0.0,0.0
2475736,4974,3670.0,12.552,525.0,0.0,263.1,0.0,0.0
2480728,4984,3820.0,12.803999999999998,530.6,0.0,263.4,0.0,0.0
2486928,4994,3730.0,13.868,505.0,0.0,263.6,0.0,0.0
2491192,5004,4260.0,14.994,507.7,0.0,263.8,0.0,0.0
2496936,5014,5020.0,17.298,580.1,0.0,264.0,0.0,0.0
2502880,5024,5720.0,18.13,640.8,0.0,259.9,0.0,0.0
2509696,5034,4320.0,13.815999999999999,547.7,0.0,260.1,0.0,0.0
2516568,5044,5230.0,15.466000000000003,641.4,0.0,260.4,0.0,0.0
2521936,5054,5170.0,15.798000000000002,627.9,0.0,260.6,0.0,0.0
2528040,5064,4850.0,15.254,603.3,0.0,260.9,0.0,0.0
2533752,5074,5270.0,16.89,587.0,0.0,261.1,0.0,0.0
2538416,5084,2920.0,9.744,486.1,0.0,261.3,0.0,0.0
2542400,5095,2727.2727272727275,9.034545454545455,454.8181818181818,0.0,261.4,0.0,0.0
2547056,5105,2510.0,9.988,433.0,0.0,261.6,0.0,0.0
2552424,5115,3270.0,13.66,474.6,0.0,261.8,0.0,0.0
2558912,5125,4810.0,16.058,603.4,0.0,262.1,0.0,0.0
2565280,5135,5610.0,17.4,654.4,0.0,262.4,0.0,0.0
2570712,5145,5150.0,17.238000000000003,611.4,0.0,262.6,0.0,0.0
2577016,5155,4170.0,15.160000000000002,539.0,0.0,262.8,0.0,0.0
2584280,5165,5770.0,16.18,682.6,0.0,263.1,0.0,0.0
2589976,5175,5790.0,17.238,643.3,0.0,263.4,0.0,0.0
2596440,5185,4570.0,15.937999999999999,542.3,0.0,263.6,0.0,0.0
2600536,5195,4650.0,15.723999999999998,566.8,0.0,259.8,0.0,0.0
2606880,5205,4510.0,15.839999999999998,517.1,0.0,260.0,0.0,0.0
2612904,5215,5200.0,16.746000000000002,599.5,0.0,260.3,0.0,0.0
2619624,5225,5900.0,19.434,667.5,0.0,260.5,0.0,0.0
2624680,5235,5060.0,17.517999999999997,587.3,0.0,260.7,0.0,0.0
2630560,5245,4820.0,17.184,542.6,0.0,261.0,0.0,0.0
2635456,5255,3250.0,12.35,483.9,0.0,261.2,0.0,0.0
2641264,5265,4250.0,15.978,574.7,0.0,261.4,0.0,0.0
2646224,5275,4590.0,14.478,572.4,0.0,261.6,0.0,0.0
2652384,5285,4360.0,13.750000000000004,562.0,0.0,261.8,0.0,0.0
2658368,5295,4130.0,14.690000000000001,550.4,0.0,262.0,0.0,0.0
2664056,5305,4810.0,15.048000000000002,630.8,0.0,262.3,0.0,0.0
2670896,5315,4860.0,14.764,591.3,0.0,262.5,0.0,0.0
2676688,5325,5090.0,16.619999999999997,629.7,0.0,262.8,0.0,0.0
2683704,5335,5140.0,13.807999999999998,656.7,0.0,263.0,0.0,0.0
2688632,5345,4520.0,12.159999999999998,625.6,0.0,263.2,0.0,0.0
2693944,5355,3850.0,10.442,541.8,0.0,263.4,0.0,0.0
2700120,5365,5310.0,16.45,634.8,0.0,260.0,0.0,0.0
2706752,5375,3910.0,12.190000000000001,535.0,0.0,260.2,0.0,0.0
2711016,5385,4240.0,14.132,564.3,0.0,260.4,0.0,0.0
2716472,5395,4300.0,14.27,522.9,0.0,260.6,0.0,0.0
2722904,5405,5600.0,16.23,640.7,0.0,260.8,0.0,0.0
2729456,5415,4790.0,13.712,607.5,0.0,261.1,0.0,0.0
2735680,5425,3700.0,12.586000000000002,499.7,0.0,261.3,0.0,0.0
2741496,5435,5520.0,16.646,615.3,0.0,261.5,0.0,0.0
2747872,5445,6040.0,17.857999999999997,717.5,0.0,261.8,0.0,0.0
2753560,5455,4650.0,14.671999999999997,603.2,0.0,262.0,0.0,0.0
2761152,5465,5060.0,16.192,622.5,0.0,262.3,0.0,0.0
2765952,5475,5400.0,15.825999999999999,673.4,0.0,262.5,0.0,0.0
2771696,5485,3670.0,12.892000000000001,475.7,0.0,262.7,0.0,0.0
2777664,5495,5480.0,17.105999999999998,601.0,0.0,262.9,0.0,0.0
2783664,5505,3390.0,12.114,528.1,0.0,263.1,0.0,0.0
2789352,5515,6070.0,16.554,683.2,0.0,263.3,0.0,0.0
2794992,5525,5220.0,16.476,585.8,0.0,263.5,0.0,0.0
2801360,5535,4440.0,16.657999999999998,506.3,0.0,260.2,0.0,0.0
2806144,5545,4720.0,15.576000000000002,602.4,0.0,260.4,0.0,0.0
2812576,5555,3830.0,15.483999999999998,491.8,0.0,260.6,0.0,0.0
2818376,5565,6892.0,18.692,676.3,0.0,260.8,0.0,0.0
2823312,5575,3940.0,15.347999999999999,522.1,0.0,261.0,0.0,0.0
2830440,5585,5930.0,18.414,641.5,0.0,261.3,0.0,0.0
2835328,5595,5530.0,19.032000000000004,598.2,0.0,261.4,0.0,0.0
2840712,5605,4030.0,16.45,497.8,0.0,261.6,0.0,0.0
2846736,5615,4790.0,17.228,536.5,0.0,261.8,0.0,0.0
2852664,5625,5080.0,18.571999999999996,567.0,0.0,262.0,0.0,0.0
2859496,5635,7404.0,20.898,684.0,0.0,262.3,0.0,0.0
2865608,5645,5650.0,19.145999999999997,628.5,0.0,262.5,0.0,0.0
2872600,5655,6320.0,15.27,698.4,0.0,262.7,0.0,0.0
2877960,5665,5200.0,15.218,652.9,0.0,262.9,0.0,0.0
2883768,5675,4320.0,13.611999999999998,549.1,0.0,263.1,0.0,0.0
2889016,5685,5320.0,17.756,582.4,0.0,263.3,0.0,0.0
2897216,5695,5560.0,17.074,640.0,0.0,263.6,0.0,0.0
2903816,5705,5580.0,18.189999999999998,618.6,0.0,260.1,0.0,0.0
2908904,5715,5720.0,16.705999999999996,624.8,0.0,260.3,0.0,0.0
2914920,5725,5280.0,16.304,626.5,0.0,260.5,0.0,0.0
2922096,5735,5480.0,16.154000000000003,621.0,0.0,260.7,0.0,0.0
2928848,5745,5760.0,16.028,633.7,0.0,261.0,0.0,0.0
2935728,5755,6670.0,19.282,738.1,0.0,261.2,0.0,0.0
2941240,5765,5440.0,17.93,603.4,0.0,261.4,0.0,0.0
2948120,5775,6670.0,20.204,672.5,0.0,261.6,0.0,0.0
2955552,5785,6570.0,18.996000000000002,658.7,0.0,261.9,0.0,0.0
2961504,5795,5960.0,18.216,671.3,0.0,262.1,0.0,0.0
2967096,5805,5860.0,19.344,626.5,0.0,262.3,0.0,0.0
2974312,5815,6010.0,19.586,691.6,0.0,262.6,0.0,0.0
2979560,5825,4020.0,14.382,531.7,0.0,262.8,0.0,0.0
2985296,5835,5300.0,18.860000000000003,597.5,0.0,263.0,0.0,0.0
2992824,5845,6530.0,18.93,655.7,0.0,263.2,0.0,0.0
2998528,5855,5200.0,14.591999999999995,606.5,0.0,263.4,0.0,0.0
3004392,5865,4400.0,15.565999999999997,584.0,0.0,260.8,0.0,0.0
